{"cameraMode":{"drawMode":0,"name":"Shaded","section":"Shading Mode"},"sceneLighting":false,"audioPlay":false,"sceneViewState":{"showFog":true,"showMaterialUpdate":true,"showSkybox":false,"showFlares":true,"showImageEffects":true,"showParticleSystems":true},"in2DMode":false,"pivot":{"x":-0.4946940243244171,"y":0.16684795916080476,"z":0.0},"rotation":{"x":-0.051240693777799609,"y":0.04252811521291733,"z":-0.0021837421227246525,"w":-0.9977792501449585},"size":3.4955756664276125,"orthographic":false}